Name,Gender,Department,Age,Position,Starting_Salary
Alice Taylor,Female,Sales,30,4,10350
Barbara Taylor,Female,Marketing,30,4,9900
Carol Smith,Female,Marketing,30,3,9720
Diana Johnson,Female,Engineering,30,5,15300
Elena Williams,Female,IT Support,30,3,8100
Frances Brown,Female,Data Science,30,4,14580
Grace Davis,Female,Software Engineering,30,5,17100
Hannah Lee,Female,Operations,30,3,8505
Isabella Miller,Female,Business Intelligence,30,4,15300
Julia Wilson,Female,Product Management,30,4,12996
Katherine Moore,Female,Quality Assurance,30,3,11340
Laura Jackson,Female,Research & Development,30,4,15300
Mary Harris,Female,Customer Success,30,3,8100
Nancy Thompson,Female,Infrastructure,30,4,12996
Olivia Rodriguez,Female,Cloud Engineering,30,5,17100
Patricia Garcia,Female,Systems Administration,30,3,12150
Quinn Martinez,Female,Technical Support,30,3,8100
Rachel Robinson,Female,DevOps,30,4,14580
Sarah Lewis,Female,Frontend Development,30,4,15300
Tara Lee,Female,Backend Development,30,4,14580
Uma Clark,Female,Mobile Development,30,3,14256
Victoria Wright,Female,UX Design,30,4,12150
Wendy Young,Female,UI Design,30,4,13500
Xena King,Female,Database Administration,30,4,13770
Yolanda Scott,Female,Network Security,30,5,16200
Zoe Adams,Female,Logistics,30,3,8910
Amanda Baker,Female,Facilities Management,30,3,8100
Bethany Carter,Female,Supply Chain,30,4,11700
Chloe Evans,Female,Procurement,30,3,8910
Dorothy Foster,Female,Inventory Management,30,3,8505
Emma Green,Female,Office Administration,30,3,7290
Fiona Hall,Female,Asset Management,30,3,11340
Georgia Hughes,Female,Finance,30,4,12150
Holly Jenkins,Female,Accounting,30,4,12600
Iris Kennedy,Female,Legal,30,4,13770
Jane Long,Female,Compliance,30,3,12150
Kelly Morris,Female,Risk Management,30,5,14400
Linda Nelson,Female,Internal Audit,30,3,12150
Megan Owen,Female,Treasury,30,4,12996
Natalie Parker,Female,Tax,30,3,12150
Ophelia Quinn,Female,Business Development,30,4,12600
Penelope Ross,Female,Strategic Planning,30,4,13770
Ruby Stevens,Female,Corporate Development,30,4,13770
Sophia Turner,Female,Project Management,30,5,14400
Tessa Underwood,Female,Program Management,30,4,14760
Ursula Valentine,Female,Portfolio Management,30,4,13770
Violet Watson,Female,Change Management,30,3,12150
Whitney Xiong,Female,Innovation,30,5,14400
Yvette Zhang,Female,Digital Marketing,30,3,10530
Abigail Abbott,Female,Content Marketing,30,3,8910
Brianna Bennett,Female,Social Media,30,3,8100
Charlotte Collins,Female,Brand Management,30,4,12600
Danielle Davidson,Female,Public Relations,30,3,10530
Elizabeth Ellis,Female,Corporate Communications,30,3,10530
Felicity Fisher,Female,Events Management,30,3,8100
Gabrielle Graham,Female,Market Research,30,4,12600
Heather Henderson,Female,Competitive Analysis,30,4,12150
Isabel Irving,Female,Customer Intelligence,30,4,12996
Jennifer James,Female,Product Marketing,30,4,12600
Kimberly Klein,Female,Partner Marketing,30,3,10530
Lily Lloyd,Female,Growth Marketing,30,3,11340
Madison Marshall,Female,Performance Marketing,30,4,12600
Nicole Newman,Female,Email Marketing,30,3,8910
Octavia O'Brien,Female,SEO Optimization,30,3,10530
Paige Powell,Female,SEM Management,30,3,11340
Rose Russell,Female,Analytics Engineering,30,4,13770
Samantha Sanders,Female,Data Engineering,30,5,16200
Theresa Tucker,Female,Machine Learning,30,5,17100
Unity Urban,Female,AI Development,30,4,16200
Valerie Vaughn,Female,Blockchain Development,30,5,17100
Willow Warren,Female,Cloud Architecture,30,5,18000
Xiomara Xavier,Female,Systems Architecture,30,4,16200
Yasmine Young,Female,Network Architecture,30,4,15390
Zelda Zimmerman,Female,Security Architecture,30,4,15390
Andrea Anderson,Female,Information Security,30,4,14580
Brooklyn Baldwin,Female,Application Security,30,4,14580
Cassidy Coleman,Female,Security Operations,30,4,15300
Dawn Douglas,Female,Cyber Security,30,5,17100
Elise Edwards,Female,Security Engineering,30,4,15390
Faye Fletcher,Female,Penetration Testing,30,4,16200
Gwen Gibson,Female,Security Analysis,30,3,13770
Hope Hamilton,Female,Incident Response,30,4,15300
Ivy Ingram,Female,Threat Intelligence,30,4,14580
Jasmine Jackson,Female,Risk Assessment,30,4,14400
Keira Kennedy,Female,Compliance Audit,30,3,12150
Luna Lambert,Female,Security Architecture,30,4,15390
Melody Mitchell,Female,Identity Management,30,4,15300
Nina Norton,Female,Access Management,30,3,12960
Odette O'Connor,Female,Security Governance,30,3,13770
Pearl Palmer,Female,Security Training,30,3,11340
Quincy Quinn,Female,Documentation,30,3,8910
Rebecca Richards,Female,Technical Writing,30,3,10530
Stella Stone,Female,Knowledge Management,30,4,12600
Tamara Thompson,Female,Learning Development,30,3,10530
Uma Urban,Female,Training Coordination,30,3,8910
Vanessa Valentine,Female,Organizational Development,30,4,12150
Winter Walker,Female,Talent Management,30,4,12996
Ximena Xu,Female,Recruitment,30,3,10530
Yara Young,Female,Talent Acquisition,30,4,12600
Zara Zhang,Female,Employee Relations,30,3,11340