Name,Gender,Department,Age,Position,Starting Salary,age 24,age 26,age 28,age 30,age 32
Alice Taylor,Female,Sales,22,1,5417,6200,7100,8200,9500,11000
Barbara Taylor,Female,Marketing,22,1,5000,6000,7200,8600,10300,12300
Carol Smith,Female,Marketing,22,1,5000,5700,6500,7400,8500,9800
Diana Johnson,Female,Engineering,22,1,7083,8500,10200,12240,14688,17626
Elena Williams,Female,IT Support,22,1,4583,5000,5500,6100,6700,7400
Frances Brown,Female,Data Science,22,1,7500,9000,11000,13500,16500,20000
Grace Davis,Female,Software Engineering,22,1,7917,9500,11400,13680,16416,19699
Hannah Lee,Female,Operations,22,1,4833,5500,6300,7200,8200,9300
Isabella Miller,Female,Business Intelligence,22,1,7083,8500,10200,12240,14688,17626
Julia Wilson,Female,Product Management,22,1,6667,7500,8500,9600,10800,12200
Katherine Moore,Female,Quality Assurance,22,1,5833,6500,7300,8200,9200,10300
Laura Jackson,Female,Research & Development,22,1,7083,8500,10200,12240,14688,17625
Mary Harris,Female,Customer Success,22,1,4583,5000,5500,6100,6800,7600
Nancy Thompson,Female,Infrastructure,22,1,6667,7500,8500,9800,11300,13000
Olivia Rodriguez,Female,Cloud Engineering,22,1,7917,9500,11400,13700,16400,19700
Patricia Garcia,Female,Systems Administration,22,1,6250,7000,7900,8900,10000,11300
Quinn Martinez,Female,Technical Support,22,1,4583,5000,5600,6400,7300,8300
Rachel Robinson,Female,DevOps,22,1,7500,8200,9100,10500,12000,13800
Sarah Lewis,Female,Frontend Development,22,1,7083,8500,10200,12240,14688,17625
Tara Lee,Female,Backend Development,22,1,7500,8500,10000,12000,14500,17500
Uma Clark,Female,Mobile Development,22,1,7333,8800,10560,12672,15206,18247
Victoria Wright,Female,UX Design,22,1,6250,7000,7900,8900,10100,11450
Wendy Young,Female,UI Design,22,1,6250,7500,9000,10800,12960,15552
Xena King,Female,Database Administration,22,1,7083,8500,10200,12240,14700,17640
Yolanda Scott,Female,Network Security,22,1,7500,8500,10500,13000,16000,19500
Zoe Adams,Female,Logistics,22,1,5000,6000,7200,8600,10300,12300
Amanda Baker,Female,Facilities Management,22,1,4583,5400,6300,7400,8600,10000
Bethany Carter,Female,Supply Chain,22,1,5417,6200,7100,8200,9400,10800
Chloe Evans,Female,Procurement,22,1,5000,5800,6700,7700,8800,10000
Dorothy Foster,Female,Inventory Management,22,1,4833,5500,6250,7100,8050,9100
Emma Green,Female,Office Administration,22,1,4167,5000,6000,7200,8640,10368
Fiona Hall,Female,Asset Management,22,1,5833,6500,7200,8000,8800,9600
Georgia Hughes,Female,Finance,22,1,6250,7000,8000,9500,11500,14000
Holly Jenkins,Female,Accounting,22,1,5833,6500,7200,8000,8900,9900
Iris Kennedy,Female,Legal,22,1,7083,7600,8200,8900,9700,10500
Jane Long,Female,Compliance,22,1,6250,7500,9000,10800,12960,15552
Kelly Morris,Female,Risk Management,22,1,6667,7400,8200,9100,10100,11200
Linda Nelson,Female,Internal Audit,22,1,6250,7800,9800,12200,15200,18900
Megan Owen,Female,Treasury,22,1,6667,7500,8400,9400,10500,11700
Natalie Parker,Female,Tax,22,1,6250,7500,9000,10800,12960,15552
Ophelia Quinn,Female,Business Development,22,1,5833,6500,7200,8000,8900,9900
Penelope Ross,Female,Strategic Planning,22,1,7083,8500,10200,12240,14688,17625
Ruby Stevens,Female,Corporate Development,22,1,7083,8500,10200,12240,14688,17626
Sophia Turner,Female,Project Management,22,1,6667,8000,9500,11500,13800,16500
Tessa Underwood,Female,Program Management,22,1,6833,7800,8900,10200,11650,13200
Ursula Valentine,Female,Portfolio Management,22,1,7083,8500,10200,12240,14700,17640
Violet Watson,Female,Change Management,22,1,6250,7300,8500,9800,11300,13000
Whitney Xiong,Female,Innovation,22,1,6667,8000,9600,11520,13824,16589
Yvette Zhang,Female,Digital Marketing,22,1,5417,6200,7100,8200,9500,11000
Abigail Abbott,Female,Content Marketing,22,1,5000,5500,6200,7000,8000,9200
Brianna Bennett,Female,Social Media,22,1,4583,5200,5900,6700,7600,8600
Charlotte Collins,Female,Brand Management,22,1,5833,6500,7200,8000,8800,9600
Danielle Davidson,Female,Public Relations,22,1,5417,6200,7100,8200,9500,11100
Elizabeth Ellis,Female,Corporate Communications,22,1,5417,6100,6900,7800,8800,9900
Felicity Fisher,Female,Events Management,22,1,4583,5500,6600,7900,9500,11400
Gabrielle Graham,Female,Market Research,22,1,5833,6500,7200,8000,8800,9600
Heather Henderson,Female,Competitive Analysis,22,1,6250,7500,9000,10800,12960,15552
Isabel Irving,Female,Customer Intelligence,22,1,6667,7500,8500,9500,11000,12500
Jennifer James,Female,Product Marketing,22,1,5833,6500,7200,8000,8800,9600
Kimberly Klein,Female,Partner Marketing,22,1,5417,6200,7100,8100,9300,10600
Lily Lloyd,Female,Growth Marketing,22,1,5833,6800,7900,9200,10700,12400
Madison Marshall,Female,Performance Marketing,22,1,5833,6800,7900,9200,10700,12400
Nicole Newman,Female,Email Marketing,22,1,5000,5700,6500,7400,8400,9500
Octavia O'Brien,Female,SEO Optimization,22,1,5417,6200,7100,8200,9500,11000
Paige Powell,Female,SEM Management,22,1,5833,6800,7900,9200,10700,12400
Rose Russell,Female,Analytics Engineering,22,1,7083,8500,10200,12240,14688,17626
Samantha Sanders,Female,Data Engineering,22,1,7500,9000,11000,13500,16000,19000
Theresa Tucker,Female,Machine Learning,22,1,7917,8600,9400,10250,11200,12300
Unity Urban,Female,AI Development,22,1,8333,9500,10800,12350,14000,15850
Valerie Vaughn,Female,Blockchain Development,22,1,7917,8900,10000,11300,12800,14500
Willow Warren,Female,Cloud Architecture,22,1,8333,9500,11000,12800,14800,17000
Xiomara Xavier,Female,Systems Architecture,22,1,8333,9500,10800,12350,14000,15850
Yasmine Young,Female,Network Architecture,22,1,7917,9500,11400,13680,16416,19699
Zelda Zimmerman,Female,Security Architecture,22,1,7917,9500,11400,13680,16416,19699
Andrea Anderson,Female,Information Security,22,1,7500,9000,10500,12000,14000,16000
Brooklyn Baldwin,Female,Application Security,22,1,7500,8500,9800,11300,13000,15000
Cassidy Coleman,Female,Security Operations,22,1,7083,8500,10200,12240,14688,17626
Dawn Douglas,Female,Cyber Security,22,1,7917,8700,9600,10600,11700,12900
Elise Edwards,Female,Security Engineering,22,1,7917,9500,11400,13680,16416,19699
Faye Fletcher,Female,Penetration Testing,22,1,7500,9000,11000,13500,16000,19000
Gwen Gibson,Female,Security Analysis,22,1,7083,8500,10200,12200,14500,17100
Hope Hamilton,Female,Incident Response,22,1,7083,8500,10200,12200,14500,17100
Ivy Ingram,Female,Threat Intelligence,22,1,7500,9500,12000,15000,18500,22500
Jasmine Jackson,Female,Risk Assessment,22,1,6667,7500,8500,9500,11000,12500
Keira Kennedy,Female,Compliance Audit,22,1,6250,7200,8300,9600,11100,12800
Luna Lambert,Female,Security Architecture,22,1,7917,8500,9200,10000,11000,12100
Melody Mitchell,Female,Identity Management,22,1,7083,8000,9500,11200,13000,15000
Nina Norton,Female,Access Management,22,1,6667,7400,8200,9100,10100,11200
Odette O'Connor,Female,Security Governance,22,1,7083,8500,10200,12240,14688,17625
Pearl Palmer,Female,Security Training,22,1,5833,6500,7300,8200,9200,10300
Quincy Quinn,Female,Documentation,22,1,5000,6000,7200,8600,10300,12300
Rebecca Richards,Female,Technical Writing,22,1,5417,6100,6900,7800,8800,9900
Stella Stone,Female,Knowledge Management,22,1,5833,6500,7200,8000,8900,9900
Tamara Thompson,Female,Learning Development,22,1,5417,6100,6900,7800,8800,9900
Uma Urban,Female,Training Coordination,22,1,5000,6000,7200,8600,10300,12300
Vanessa Valentine,Female,Organizational Development,22,1,6250,7500,9000,10800,12960,15552
Winter Walker,Female,Talent Management,22,1,6667,7500,8400,9500,10700,12000
Ximena Xu,Female,Recruitment,22,1,5417,6200,7100,8200,9500,11000
Yara Young,Female,Talent Acquisition,22,1,5833,6500,7200,8000,8800,9600
Zara Zhang,Female,Employee Relations,22,1,5833,6500,7300,8200,9200,10300
